{
  "0": [
    22.82866082822086,
    30.734364124555157,
    13.930115130252103,
    13.346369375903613,
    30.136725318749995,
    16.46525891666667,
    20.328168136000002,
    20.5098723,
    65.05165099999999,
    17.481112892307692,
    20.97712461538462,
    28.139338632911397,
    13.24949713888889,
    36.115459589743594,
    18.801783696428572,
    16.209789018181816,
    28.377910027397256,
    21.175187865671642,
    16.611393684210526,
    19.731391088888888,
    15.50197386792453,
    19.35955666666667,
    38.857239172588834,
    13.888145543356643,
    20.239035172413793,
    27.13901880208333,
    19.065992759842523,
    25.432616843003412,
    23.663399772319202,
    31.330876107255516,
    19.597321662658228,
    23.141767895018447,
    20.936069374113476,
    25.023760971879938,
    22.324787108239093,
    28.50227748780488,
    21.664863091576418,
    25.1847494675033,
    26.918092533833832,
    27.764479310094636,
    26.515053613577024,
    24.87218456423983,
    28.95645412021028,
    32.5017486806342,
    28.19750426260258,
    27.80625294313501,
    30.192964349856325,
    28.11405348164464,
    23.441039760900143,
    22.467181905523258,
    21.52991863891473,
    19.079156937716263,
    24.59720584502447,
    35.180574653516295,
    21.540497041284404,
    25.32116131539889,
    28.593034648562305,
    19.707398775547443,
    26.079476837392793,
    26.715213259837398,
    23.594935519400355,
    20.423576993720562,
    22.269820169421486,
    24.063772652284264,
    19.469413425755587,
    18.943470620238095,
    19.472755506170888,
    18.765737163401358,
    18.948200511631207,
    22.80241701820941,
    21.93214745786082,
    15.530309330526315,
    19.38038841224138,
    19.438727966970802,
    15.417613535483872,
    18.167727528503935,
    15.519631031496063,
    14.558838975409836,
    17.413731484140232,
    20.621354456284156,
    19.386263925867507,
    17.332963803852888,
    17.172959947494036,
    16.956147855729167,
    33.2210686193662,
    18.950110247706423,
    39.376271473684206,
    33.32229534254144,
    25.23259984864865,
    18.77084058730159,
    21.487094114351855,
    25.64214347323944,
    13.195172544,
    23.81802399056604,
    16.281003365079364
  ],
  "1": [
    16.312602623871907,
    16.811131499581123,
    16.000067745691986,
    14.254359543900708,
    18.529131393993136,
    15.553176276875002,
    18.668420678738,
    14.515805331095121,
    20.57162257324106,
    15.062749040677966,
    12.855580748546043,
    17.55114090225179,
    12.60113081186839,
    14.106429056395347,
    14.0058511974026,
    14.307527885826772,
    17.40982110607903,
    17.174902733027523,
    17.555043001215804,
    13.202377240738384,
    23.273494183999997,
    13.375596849755503,
    18.76836191674118,
    14.09537310279829,
    14.307413505397841,
    15.571575386216796,
    12.699373691206098,
    14.576355036390071,
    13.367287982954064,
    14.975901033423543,
    14.892570527167512,
    17.63404575671336,
    15.268366040018169,
    18.54392287267109,
    16.6492070452252,
    16.814600674702863,
    15.992043562662458,
    16.866622697863452,
    18.816752627716813,
    19.597190515880747,
    17.979525096855827,
    18.264532492014656,
    19.076343261530766,
    19.80572972006469,
    20.241139040437155,
    19.563869743587652,
    19.025950071420706,
    19.238623670172235,
    17.766404526495958,
    18.150765305016957,
    15.746282751065596,
    19.155767513929735,
    17.208622505238466,
    15.431429145461355,
    18.500798732211784,
    14.78662905692609,
    19.03260677039598,
    17.343030703017643,
    17.741550907802363,
    17.892727341889117,
    16.537461044431122,
    16.799417728705237,
    13.999055069290714,
    15.85298795618177,
    15.769183171339762,
    14.74798024896871,
    15.25842795342805,
    14.88919142042358,
    14.536700589593115,
    16.063169656691063,
    14.321929857911352,
    14.885699756973723,
    13.804709300980113,
    13.958338559878756,
    15.188340165914454,
    14.46842346645711,
    13.302347015834988,
    13.834426258091788,
    13.875086859375,
    14.694386336195654,
    14.616213389990103,
    14.06596014343515,
    14.840527363869327,
    16.438425491231463,
    14.943371485326088,
    17.42050920338452,
    17.228653470437116,
    16.016168542577432,
    15.510269194123575,
    16.487164144502035,
    16.39561290185036,
    17.38009564984177,
    19.85356678286354,
    17.497378709272404,
    15.384337969693593
  ],
  "2": [
    13.955137145913868,
    15.325705886785714,
    15.401782218704662,
    18.686851781136788,
    16.310587917083694,
    19.648559234513275,
    17.70738967806201,
    19.25022633801242,
    27.889381977110386,
    31.470352955482042,
    19.989454786063572,
    23.204595486156645,
    17.905671014602348,
    18.66300983963494,
    20.68140479875,
    16.462391722905025,
    18.98252616532721,
    21.351668969072165,
    16.96929072473634,
    14.50382284479675,
    16.99655868768116,
    16.250807511180554,
    18.499475159039758,
    15.43302305103912,
    15.992083627866906,
    14.526434236860265,
    12.41605502596831,
    13.32777304958575,
    13.294853233854607,
    13.99904941863218,
    13.097920684316184,
    13.75146741533873,
    11.525442991733332,
    12.875939022524845,
    12.67518519975186,
    13.544594455265978,
    11.9623013082365,
    12.567654520468253,
    12.436572256551726,
    13.16841193002413,
    13.354496765284608,
    13.185842016586703,
    13.069288858841567,
    13.209032743540503,
    13.887747459590704,
    13.822837347056787,
    13.016467594839165,
    13.137912262106367,
    13.775100849717116,
    14.818958291203534,
    11.882537292782791,
    13.421650159902477,
    14.863434356019752,
    13.788693511994168,
    13.523691639737338,
    14.043556889618094,
    14.777889535227272,
    13.288245480986715,
    12.11570597526145,
    14.281718847801997,
    13.960025303131992,
    12.890135432230823,
    11.66454923258852,
    11.832382572100425,
    12.346505937353145,
    13.38027091236749,
    12.66970388850496,
    12.446290582511367,
    12.165715406101455,
    12.336876825495958,
    12.952812392533616,
    12.864857758066808,
    13.447750956620338,
    13.832256338166003,
    13.871657907000376,
    12.944580852593917,
    12.701026789928573,
    13.14647245780042,
    13.636437236918495,
    14.031259244200287,
    14.59457401251376,
    14.270376391632576,
    13.064531865873017,
    17.42968618373206,
    14.59550270592979,
    16.58248701792453,
    16.30030106658031,
    13.753234808208507,
    16.6429882078125,
    17.79026590828221,
    18.492970803223443,
    18.914293512608445,
    18.11624405536028,
    14.666733472972973,
    15.902196132282608
  ],