{
  "0": [
    76.9181825,
    16.303967893364927,
    21.553348647949527,
    21.37924528965517,
    14.352109611842108,
    31.497521597402596,
    17.047870168421046,
    16.301676419354834,
    15.122542889534884,
    16.443143943396226,
    16.60121018032787,
    23.066111947916664,
    14.086637193548384,
    22.13923445,
    19.20096277777778,
    16.958394221052632,
    14.928493814814818,
    12.297532245454544,
    13.4437803592233,
    16.878806796296296,
    15.16682812307692,
    20.283405119266053,
    14.779145994594595,
    19.016947861607143,
    26.627093738872407,
    23.754379464824122,
    20.04327533319328,
    14.270190052738338,
    14.062976655964912,
    14.684813247244096,
    13.136844830600293,
    14.880624827160492,
    18.272237799426932,
    17.470329944864865,
    19.00916953121019,
    17.169210479591836,
    18.570192543039592,
    22.3198371813602,
    19.417651042391302,
    16.975628375956283,
    17.628341355712603,
    21.596962381818184,
    21.36676890897909,
    23.347364727272726,
    25.774388917902815,
    19.752544095367846,
    19.27016931424767,
    19.316430716744915,
    20.83563544079886,
    30.086141365145227,
    17.778460444444445,
    19.9235896501548,
    16.983150109343068,
    19.881835134328355,
    17.081497483146066,
    18.137364041158538,
    15.045064747813411,
    18.426688400291123,
    16.63906100736377,
    19.755776416088764,
    22.66139049609375,
    17.090380062261755,
    17.111122792105263,
    18.255745211497004,
    24.570905470581113,
    18.70922710700132,
    16.561896609506174,
    19.49437879856115,
    15.640984056882822,
    17.788037146753247,
    17.327502575797872,
    19.850756564739886,
    16.29784323130194,
    17.841461542253523,
    15.233798250386402,
    18.99636934775889,
    18.398093854385966,
    21.994691197635134,
    15.659990189768974,
    15.528060193379792,
    17.011654563549165,
    17.963267918367347,
    13.594434233802819,
    19.575709894389437,
    23.950613463667818,
    20.067336592786887,
    33.01269958549223,
    18.36998866046511,
    15.45614367611336,
    15.216112336065574,
    21.367197455128206,
    17.873414986666667,
    12.262504719148936,
    17.260802543352604,
    17.615984407142857
  ],
  "1": [
    29.371500850000004,
    14.130506876853131,
    15.570777755253557,
    15.612328533892216,
    15.047800050232228,
    17.714119215465118,
    16.16565351973539,
    14.826020141908895,
    14.948424589435438,
    19.10320084572704,
    13.513404332056005,
    12.537700600050735,
    17.49716532908778,
    14.197792572887865,
    17.27886250638474,
    15.591871625174827,
    11.832986317923554,
    11.62468962520408,
    11.48130064829506,
    12.11599443049944,
    12.532136015895784,
    13.68168424934605,
    12.122578738642186,
    13.072031035816913,
    13.079116825759892,
    14.017443536006288,
    14.447482190950616,
    11.821621070137663,
    13.16512690605252,
    12.801143885542793,
    12.211428914628415,
    12.782048036412776,
    12.53324352030681,
    12.471492828220077,
    14.496721930341762,
    13.818303318231532,
    13.275308631915467,
    14.824439465845527,
    15.37718717661117,
    14.569740239977822,
    15.274575636182197,
    15.134505304384154,
    15.289198331814298,
    15.521568457331789,
    16.672071232163095,
    16.185863960941965,
    14.216607001686747,
    14.81797848379055,
    14.921858756469055,
    15.650602536574214,
    13.556868531182584,
    13.745499611208238,
    13.467823402558997,
    14.207700603051645,
    14.273958904346905,
    14.665284765356137,
    14.133214115043792,
    13.824793860039387,
    15.564239576815323,
    13.84734346756262,
    14.785471849643288,
    14.018750395522389,
    12.868255220370045,
    13.625766070717331,
    13.875385250541584,
    13.66980711476715,
    14.071906057237982,
    12.986742528163992,
    14.240382620675538,
    13.74684080205532,
    13.543186150088202,
    13.737694176019952,
    13.254229191614595,
    12.926549547699857,
    13.145384115337741,
    12.917832316167791,
    14.278971383987681,
    13.765127725725758,
    12.954215944284291,
    14.308578903634828,
    14.60888650609319,
    14.953803356468532,
    12.906258721225383,
    13.032443775071277,
    14.76188303895415,
    12.569716314648042,
    13.9163100395123,
    14.571712715299878,
    13.174221366870777,
    13.116110373431734,
    13.204853163624376,
    12.138668698585093,
    10.943973692956025,
    11.832198240271854,
    12.173746288552286
  ],
  "2": [
    12.067613000000001,
    25.113863513157895,
    27.686468755395687,
    29.857987453703704,
    25.123396887218043,
    29.728139448979594,
    23.97167192134831,
    25.96927752631579,
    23.157479694214874,
    27.646797824561407,
    22.245841213592236,
    23.086163542857143,
    24.301985917525773,
    25.682268818965518,
    24.74760038888889,
    27.08483865420561,
    28.6980361796875,
    25.007275071428573,
    21.785969705882355,
    27.766149530612246,
    22.876787430555552,
    22.440793794326243,
    23.958736813793102,
    22.29779434228188,
    23.737516513513512,
    23.753175105960263,
    23.09113014473684,
    22.036770486842105,
    20.90572155263158,
    20.872116151315794,
    22.99451330263158,
    21.911499986842106,
    22.29369065789474,
    21.415998993421052,
    21.16466852631579,
    21.251969934210525,
    20.78138969736842,
    20.403451013157895,
    21.297696289473684,
    21.869518361842104,
    21.573798164473686,
    21.02971261842105,
    22.569222888157896,
    20.712221500000002,
    21.23213885526316,
    21.676137361842105,
    21.609318335526314,
    21.61269719736842,
    22.775731,
    21.158935289473686,
    21.477351282894734,
    21.12382502631579,
    21.74014238157895,
    22.053311414473683,
    21.808473453947368,
    20.750683131578946,
    21.088020394736844,
    21.35238211842105,
    21.57972754605263,
    20.426009953947368,
    21.61141017763158,
    21.481368348684207,
    20.819302782894738,
    21.362341756578946,
    21.127312664473685,
    22.070855078947368,
    20.341829690789474,
    22.146577532894735,
    22.610911289473684,
    22.415703967105262,
    21.824301460526318,
    20.581699282894736,
    22.344272059210528,
    21.054195980263156,
    20.50898248026316,
    21.83605864473684,
    21.42497297368421,
    21.58054403289474,
    23.174375572368422,
    23.16792109868421,
    21.623253861842105,
    23.427523496688742,
    21.492154773333333,
    22.765390293706293,
    20.91095296710526,
    22.544911629139072,
    23.07728129787234,
    22.40878108666667,
    19.701597006666663,
    24.108460450704225,
    22.181151756756762,
    22.801434547945206,
    21.53283426490066,
    21.663489108843535,
    21.303358016393442
  ],