{
  "0": [
    26.20395926136219,
    19.34261057612688,
    17.054241529617304,
    19.81387157712305,
    18.723648579274613,
    13.578921418770223,
    16.99259569727768,
    14.162716434060401,
    13.623564289782244,
    17.923163873443986,
    17.544415521256035,
    14.0351569216152,
    15.744492812456745,
    14.574295292492494,
    16.922215356223177,
    15.15990511115538,
    15.569346358974359,
    13.844620239766082,
    16.343303452127657,
    17.562326433121022,
    23.054659702127655,
    21.700364149253726,
    12.17607403880597,
    18.39822764835165,
    22.77770941791045,
    25.662666773195873,
    16.812233724637682,
    33.12430260000001,
    16.36002157446808,
    22.653790106557377,
    26.815185080985913,
    34.76805987978142,
    25.625431358974357,
    25.687484759183675,
    32.42095599716714,
    27.320997172131147,
    19.67037152831169,
    31.687189716216213,
    47.271828684959345,
    47.820777082278475,
    33.205638032231406,
    38.25480769784792,
    27.654799155599473,
    40.32729008614233,
    25.519460092047126,
    27.3209929433291,
    25.141953704054057,
    25.802376329252578,
    23.78020389037759,
    19.531525609530792,
    18.318907678412256,
    23.1815236306962,
    20.682370026394054,
    20.798527565853657,
    22.999538107074574,
    28.115431366863902,
    25.58263600992126,
    19.417401055177745,
    26.470950192071196,
    34.97172697450704,
    25.083305840103495,
    30.895404029761906,
    31.72140517902813,
    26.069114784355445,
    21.903745518709677,
    18.69763605793103,
    20.448566953825857,
    15.92926616813049,
    22.46126971683168,
    18.661888400951085,
    16.087727793528504,
    17.382335438506587,
    19.27569911862416,
    16.38192082081911,
    18.514505962755102,
    16.703915808480563,
    16.614074403807617,
    15.386140727430554,
    12.001246784304932,
    21.07159347827103,
    16.984952503846156,
    14.0126559625,
    17.520754845783134,
    15.645318105839415,
    13.031778194545456,
    14.44206390277778,
    13.794799760784313,
    34.74144493316831,
    9.31274656281407,
    10.516450435028247,
    14.383636584541064,
    10.084618207103826,
    11.895555559447004,
    9.298976223602484,
    13.159389608510642
  ],
  "1": [
    17.504680888939294,
    15.134896519764796,
    13.686343521686746,
    14.443487595160235,
    13.007707626790124,
    12.938759491846618,
    12.394895747805139,
    12.029255048551706,
    11.586634027609797,
    12.732733327804464,
    12.638471824041368,
    13.280805302575253,
    11.443043034121498,
    10.865702213957597,
    13.23216210232729,
    12.429590754854608,
    11.924026830449069,
    15.424522189815882,
    11.634250938526435,
    12.352621012572204,
    13.4053777505589,
    16.381066721063313,
    14.18134911773142,
    12.203820548569404,
    12.4541965835703,
    14.49483003478261,
    15.44782407151899,
    13.825125424451096,
    15.57441557509825,
    15.142973070468948,
    12.172403292207793,
    13.898702151696407,
    14.775180635817625,
    14.524858809965176,
    19.75232161123711,
    17.45946774301381,
    14.302027375053042,
    17.65883974252891,
    15.536780493386031,
    19.087431199967753,
    17.43967949972985,
    17.8416506151255,
    16.375186615404466,
    16.55510732719961,
    15.922185923475046,
    17.117839591822708,
    14.676856378372667,
    14.120403896396098,
    15.003679866842106,
    13.633094718087463,
    14.252922973016423,
    14.515056032428449,
    13.823065138690863,
    13.264170002330939,
    14.393864537256267,
    14.558777760639778,
    16.632494248849557,
    15.026408195797895,
    13.505757640120892,
    13.890314248387869,
    14.93487525353581,
    13.204369842242194,
    13.367212461632608,
    14.160459459404573,
    13.86729585941886,
    13.200404735996862,
    12.974464283934593,
    13.196683455607378,
    13.549805800994644,
    12.980072729223647,
    12.330278222353853,
    12.590002020576362,
    12.158006669300985,
    11.806511120485547,
    13.063338819109438,
    11.430387734040151,
    12.439771092060647,
    15.750131167824472,
    12.47056354357756,
    13.502651971903093,
    12.530422198317094,
    14.029552393803815,
    12.585830198625738,
    11.90815334842932,
    13.172290297748123,
    12.507018447481402,
    12.707715041395591,
    17.860308321416067,
    11.951564795757072,
    12.945322622388058,
    10.615327661827243,
    8.952595552143087,
    10.023893823953488,
    9.82328188362784,
    11.675200349210707
  ],
  "2": [
    35.41391069688385,
    38.867851217391305,
    32.44520970958084,
    34.427223512738856,
    32.12757032848837,
    31.872161850282488,
    32.95031933994334,
    30.53442319354839,
    31.94119589017341,
    33.739833344615384,
    30.874511193820222,
    32.28206596551724,
    28.897670068047336,
    28.509072804560255,
    29.986384431137726,
    33.44118999298246,
    30.42308603606557,
    30.753167822064057,
    32.320660704142014,
    36.771202371428565,
    36.957785360869565,
    54.81711064761905,
    31.489946738095238,
    25.832884534965036,
    31.76664089010989,
    37.11669906198347,
    27.340779175694447,
    39.37201320312501,
    27.99156815841584,
    32.58465461904762,
    28.556333470957096,
    25.361606381132077,
    27.205874297546018,
    25.54944238062284,
    23.263446749303622,
    24.528071991354462,
    24.5788973942029,
    24.057280619444445,
    22.440653768392373,
    22.51872544413408,
    22.87156059591281,
    23.438802303523037,
    23.70875329268292,
    22.925246702702704,
    23.225708525745258,
    23.31959227027027,
    23.543089983827493,
    24.117621582210244,
    23.247932810810813,
    22.503273250000003,
    23.393267129729725,
    23.338388756756757,
    23.55262220596206,
    23.422486954054055,
    23.760754455040875,
    23.070472747945203,
    23.733044327823688,
    23.130491654054055,
    23.35508451212938,
    21.929935846361186,
    23.582170757412396,
    23.79451246774193,
    24.208449951482475,
    22.393745271002707,
    23.70856235579515,
    23.62583490296496,
    23.140175228494623,
    23.533012005390837,
    23.772173733870968,
    24.41762277956989,
    24.523604502702703,
    23.033696548648653,
    24.572909172506737,
    24.204780817204302,
    23.877400247956405,
    23.09618505929919,
    24.559694149051488,
    23.709688403794036,
    23.750518016260163,
    24.67556379338843,
    24.44586079403794,
    25.463819721448466,
    27.500369062857146,
    23.777387515669517,
    24.886442744382016,
    25.68509592878338,
    26.10177241525424,
    29.859090483775812,
    27.429386439252337,
    25.5687352122093,
    28.671276796178347,
    24.430900963963964,
    27.087677866863903,
    25.529396964285713,
    31.984357145833332
  ],