{
  "0": [
    20.871217667148013,
    21.243224314420804,
    18.793957793478263,
    21.529720086124403,
    17.660338823863636,
    36.20755116891892,
    14.27212325,
    18.034571285714282,
    16.36599768253968,
    14.0318051225,
    22.56899719402985,
    14.791381038461541,
    17.794660954545456,
    11.386159409090908,
    13.801549158333334,
    15.447552208791208,
    12.448964648148149,
    14.802178231884056,
    32.21802407079646,
    30.014217404761908,
    12.308660488888888,
    14.552505011173183,
    13.498477004464288,
    26.301178164893614,
    12.786333648550723,
    18.787986924331552,
    21.34846464742268,
    15.088098449799197,
    17.866924656845754,
    18.523530022189348,
    23.011887989100817,
    18.372106010526313,
    19.726856688131313,
    24.841049341578326,
    20.767845495464854,
    25.46292020798969,
    24.8867791875,
    20.829576159937883,
    18.792656920474137,
    20.4503982496799,
    27.52622240264423,
    19.85673295361991,
    37.050428113184076,
    28.46659543772242,
    25.945726554735547,
    22.474457635933504,
    29.432931244401544,
    22.23927852,
    21.736643855939526,
    22.192142234393064,
    21.167745011232874,
    20.73838275564972,
    22.52550371417625,
    19.588793277222223,
    20.50342800896861,
    22.213605129834253,
    19.333428341715976,
    27.630576229975127,
    25.513706314176247,
    22.760009445196214,
    21.85966904032258,
    23.710476072704083,
    15.935930150781251,
    32.242950893406594,
    22.60538019544846,
    26.288079077954848,
    22.096925802853434,
    23.74233438569604,
    22.78222929880953,
    20.433488150545454,
    20.493611938153098,
    18.734237101182654,
    19.97452687755102,
    18.967768858033242,
    17.391877063179347,
    18.562451547177417,
    25.986615323987536,
    16.347085427949438,
    16.930735361145512,
    17.443373186440677,
    18.45908760807636,
    22.068299957317073,
    16.381542574117645,
    17.06500649481865,
    27.65911375735294,
    16.390756326996197,
    20.34081797435065,
    14.793088523181819,
    15.67508806168831,
    12.182272928448278,
    19.33788509448819,
    13.87681424013158,
    14.325496066942149,
    11.746102914754097,
    14.358091363636362
  ],
  "1": [
    14.539393729438865,
    16.323675133776536,
    15.115473877666277,
    15.581838459136847,
    17.593676878682672,
    15.744566980785521,
    14.309905917589578,
    14.308687600219459,
    16.54106931950685,
    16.89010957217295,
    16.364509693413176,
    11.516022687472528,
    12.558783419572057,
    12.409566019426457,
    14.047224087560137,
    10.836810229386764,
    14.084756247756957,
    12.421976631960662,
    17.88942059919075,
    16.60255960970958,
    11.841696335961323,
    13.160627877682883,
    12.666541370981212,
    14.743025663370428,
    13.994574426719279,
    16.431532995032626,
    13.063573609035073,
    13.818060484594636,
    14.646357258283112,
    15.09178708591972,
    13.498321501176603,
    14.462140803898807,
    14.554297831606332,
    13.35091165034604,
    15.741956788037115,
    15.751425714870427,
    15.855394430608989,
    15.22162178453128,
    16.081837312862,
    16.36466786110209,
    17.74848019594885,
    17.123963947524864,
    18.484214641830132,
    17.826086879977996,
    18.12893417090824,
    17.74969865561898,
    16.865483486715785,
    17.961965457168017,
    17.07293183708819,
    17.118129808406426,
    17.723736947484156,
    16.386329942262527,
    15.362559032287823,
    17.553906567007992,
    15.138344949689825,
    17.19589698529883,
    15.93571860190114,
    15.046377707274022,
    15.86039191648097,
    15.717272752813543,
    15.299661046590908,
    16.655652718535915,
    13.514371894396124,
    15.829216967364939,
    15.550465866741,
    16.248824504743958,
    16.22092715417152,
    15.75645381633139,
    16.197383329910764,
    14.888319483710207,
    14.646191191943823,
    15.60087099721129,
    14.424640101930024,
    14.027597547648284,
    14.41596490640448,
    13.655509415753507,
    15.09244533108591,
    14.334041685610288,
    14.317237540025642,
    13.842675722707131,
    14.423593745884887,
    15.727631109586143,
    15.179242137302113,
    14.727159789146704,
    14.254884430434783,
    14.895108335682407,
    13.686271993773495,
    14.74801246019549,
    13.754201151468244,
    11.921034506858307,
    12.808227492298197,
    12.893506152795805,
    13.09154301877828,
    12.091317158876679,
    11.82077376754646
  ],
  "2": [
    14.583975994915253,
    16.705400197871207,
    16.335064166090962,
    14.978672357500002,
    16.228931702993094,
    17.313945744769875,
    17.80815022889734,
    20.24964629427516,
    22.64931971372931,
    20.304587222160972,
    18.73372287051282,
    28.012284411305362,
    22.360792372556393,
    19.485613177561476,
    20.537111734098016,
    19.201870378831497,
    14.026598497476568,
    14.524770638195076,
    17.22978042991453,
    16.26441171329114,
    15.446162807277291,
    16.06994466566837,
    17.271382756422653,
    16.389112201948052,
    15.47077963616625,
    15.256992246109053,
    13.154603581775918,
    14.253631948158509,
    14.449257272686634,
    12.687433217718121,
    13.155101210841782,
    12.512832459871522,
    12.285419006429194,
    12.391362604586757,
    13.1753885930082,
    13.078143889613209,
    13.0042073067957,
    12.871861180383796,
    12.612288282589676,
    12.2595443098537,
    14.39278205524718,
    14.181349277729637,
    14.431397391721132,
    14.680348367895878,
    14.157006374065935,
    15.125478900129702,
    14.187818250374614,
    14.682235944275146,
    16.11412964243089,
    15.703223988938053,
    14.431366459412782,
    15.299300668591735,
    15.171493662916488,
    15.58319275044484,
    13.767509998564593,
    14.58981548774617,
    15.677256621725665,
    13.100377894956141,
    14.488146681916273,
    14.595001765666371,
    13.613530834896062,
    14.217217809150327,
    12.102933264901793,
    13.33508260974558,
    11.995112561049012,
    14.135792579491673,
    13.974614003098717,
    14.073615272766697,
    14.498190457819481,
    13.455023379768537,
    12.95341479058722,
    13.36420453527115,
    14.272390728466204,
    14.105559096153845,
    13.809385323937361,
    13.72851648586816,
    13.833598950570176,
    14.448509387068201,
    14.493511055401662,
    14.609575114503135,
    14.211820352941176,
    14.220626481955232,
    14.083301580297588,
    15.295007701601165,
    14.303352021458554,
    14.662098825489068,
    15.165737717775354,
    15.14766885332092,
    15.307419194528872,
    15.180506462583892,
    15.277820105053191,
    13.624162632589838,
    14.891027184798537,
    13.490356564937287,
    14.794678482256922
  ],